Channel	Data	Channel	Data
0	0	0	0
1	0	1	0
2	0	2.00E+00	0
3	0	3.00E+00	0
4	0	4.00E+00	0
5	0	5.00E+00	0
6	527	6.00E+00	222
7	509	7.00E+00	194
8	500	8.00E+00	185
9	484	9.00E+00	194
10	492	1.00E+01	169
11	501	1.10E+01	172
12	467	1.20E+01	196
13	495	1.30E+01	198
14	516	14	180
15	508	15	187
16	476	16	172
17	519	17	204
18	476	18	202
19	526	19	207
20	490	20	196
21	472	21	234
22	482	22	200
23	482	23	209
24	505	24	187
25	467	25	193
26	517	26	208
27	482	27	204
28	527	28	203
29	487	29	215
30	482	30	191
31	483	31	208
32	558	32	204
33	488	33	194
34	494	34	214
35	515	35	192
36	465	36	195
37	497	37	188
38	488	38	186
39	490	39	203
40	473	40	194
41	476	41	189
42	510	42	185
43	486	43	184
44	508	44	173
45	500	45	188
46	504	46	189
47	518	47	196
48	491	48	192
49	475	49	178
50	466	50	221
51	527	51	182
52	487	52	201
53	494	53	192
54	525	54	198
55	502	55	179
56	481	56	159
57	527	57	181
58	520	58	201
59	499	59	201
60	494	60	181
61	489	61	178
62	511	62	187
63	514	63	180
64	458	64	182
65	536	65	170
66	497	66	177
67	520	67	166
68	479	68	152
69	534	69	193
70	497	70	196
71	506	71	195
72	460	72	189
73	503	73	184
74	491	74	181
75	480	75	173
76	483	76	164
77	490	77	187
78	495	78	173
79	499	79	169
80	550	80	181
81	535	81	172
82	539	82	177
83	503	83	173
84	508	84	172
85	525	85	174
86	487	86	169
87	512	87	178
88	496	88	181
89	470	89	164
90	502	90	201
91	502	91	164
92	527	92	171
93	495	93	194
94	496	94	153
95	489	95	180
96	502	96	179
97	532	97	156
98	559	98	202
99	532	99	160
100	484	100	166
101	489	101	174
102	503	102	141
103	471	103	167
104	480	104	180
105	482	105	170
106	517	106	140
107	517	107	169
108	482	108	156
109	461	109	160
110	479	110	157
111	506	111	149
112	505	112	161
113	519	113	153
114	475	114	159
115	525	115	132
116	510	116	140
117	495	117	151
118	513	118	189
119	505	119	158
120	485	120	153
121	499	121	142
122	485	122	143
123	469	123	171
124	494	124	158
125	557	125	166
126	477	126	163
127	513	127	155
128	476	128	147
129	497	129	159
130	501	130	145
131	470	131	154
132	536	132	144
133	511	133	129
134	494	134	130
135	500	135	147
136	450	136	158
137	513	137	142
138	494	138	136
139	483	139	158
140	487	140	148
141	539	141	150
142	509	142	168
143	494	143	147
144	539	144	160
145	472	145	115
146	488	146	147
147	526	147	148
148	534	148	175
149	519	149	165
150	481	150	137
151	519	151	156
152	478	152	151
153	489	153	150
154	480	154	142
155	489	155	148
156	512	156	160
157	513	157	124
158	470	158	139
159	509	159	162
160	481	160	157
161	467	161	155
162	523	162	150
163	520	163	137
164	492	164	149
165	546	165	146
166	528	166	143
167	497	167	146
168	477	168	117
169	521	169	139
170	496	170	131
171	481	171	129
172	528	172	158
173	511	173	139
174	511	174	132
175	497	175	140
176	500	176	154
177	513	177	141
178	492	178	165
179	504	179	143
180	508	180	168
181	490	181	135
182	517	182	149
183	489	183	135
184	507	184	148
185	505	185	149
186	515	186	141
187	506	187	141
188	502	188	130
189	531	189	144
190	494	190	139
191	515	191	112
192	483	192	152
193	473	193	143
194	515	194	143
195	522	195	133
196	505	196	143
197	515	197	147
198	466	198	130
199	475	199	139
200	442	200	154
201	507	201	138
202	538	202	146
203	461	203	116
204	537	204	135
205	533	205	133
206	532	206	120
207	505	207	143
208	459	208	143
209	464	209	148
210	477	210	139
211	510	211	142
212	496	212	146
213	535	213	134
214	482	214	136
215	525	215	123
216	456	216	124
217	487	217	121
218	464	218	127
219	500	219	127
220	490	220	149
221	482	221	133
222	539	222	142
223	509	223	122
224	483	224	108
225	505	225	144
226	499	226	127
227	512	227	125
228	541	228	139
229	484	229	115
230	503	230	122
231	500	231	109
232	499	232	136
233	469	233	116
234	506	234	137
235	467	235	123
236	541	236	128
237	497	237	132
238	530	238	122
239	467	239	113
240	535	240	130
241	496	241	147
242	473	242	110
243	491	243	107
244	507	244	127
245	508	245	103
246	489	246	118
247	512	247	102
248	483	248	138
249	481	249	110
250	496	250	138
251	526	251	112
252	481	252	113
253	478	253	112
254	483	254	112
255	498	255	124
256	491	256	100
257	475	257	111
258	503	258	107
259	530	259	128
260	528	260	119
261	519	261	118
262	497	262	101
263	498	263	107
264	559	264	111
265	486	265	118
266	497	266	109
267	515	267	121
268	512	268	109
269	501	269	113
270	502	270	99
271	499	271	113
272	494	272	105
273	485	273	117
274	488	274	116
275	503	275	120
276	515	276	122
277	455	277	106
278	538	278	104
279	517	279	115
280	474	280	110
281	504	281	109
282	477	282	128
283	466	283	105
284	527	284	120
285	486	285	102
286	521	286	94
287	504	287	146
288	504	288	119
289	488	289	119
290	511	290	85
291	470	291	120
292	496	292	116
293	508	293	115
294	531	294	104
295	489	295	104
296	462	296	98
297	494	297	109
298	530	298	127
299	487	299	94
300	483	300	85
301	505	301	111
302	492	302	102
303	520	303	115
304	500	304	98
305	462	305	103
306	506	306	96
307	513	307	89
308	507	308	121
309	493	309	88
310	495	310	112
311	464	311	104
312	507	312	104
313	495	313	97
314	533	314	97
315	502	315	113
316	525	316	104
317	518	317	116
318	501	318	105
319	470	319	108
320	489	320	85
321	498	321	102
322	571	322	105
323	523	323	99
324	531	324	96
325	504	325	102
326	481	326	86
327	501	327	112
328	500	328	104
329	525	329	93
330	516	330	95
331	491	331	92
332	527	332	103
333	548	333	104
334	536	334	97
335	490	335	85
336	496	336	99
337	497	337	100
338	494	338	96
339	520	339	96
340	514	340	86
341	533	341	111
342	498	342	96
343	481	343	89
344	527	344	98
345	524	345	92
346	479	346	89
347	499	347	80
348	503	348	92
349	539	349	94
350	498	350	98
351	481	351	78
352	470	352	95
353	501	353	70
354	498	354	90
355	536	355	96
356	486	356	92
357	524	357	109
358	504	358	100
359	522	359	97
360	512	360	85
361	505	361	92
362	508	362	81
363	498	363	90
364	461	364	96
365	508	365	76
366	543	366	100
367	549	367	101
368	521	368	68
369	506	369	97
370	505	370	107
371	524	371	92
372	471	372	93
373	511	373	95
374	485	374	71
375	538	375	85
376	492	376	87
377	491	377	90
378	483	378	88
379	476	379	89
380	500	380	100
381	495	381	91
382	474	382	90
383	491	383	83
384	475	384	77
385	476	385	85
386	544	386	85
387	478	387	69
388	524	388	97
389	539	389	84
390	540	390	86
391	480	391	85
392	505	392	79
393	505	393	75
394	532	394	91
395	515	395	72
396	537	396	78
397	538	397	80
398	481	398	75
399	491	399	67
400	464	400	94
401	505	401	76
402	491	402	94
403	538	403	78
404	523	404	85
405	486	405	83
406	521	406	79
407	516	407	92
408	440	408	82
409	495	409	89
410	479	410	78
411	506	411	90
412	485	412	81
413	480	413	67
414	561	414	96
415	496	415	71
416	495	416	75
417	515	417	76
418	467	418	83
419	575	419	93
420	458	420	78
421	503	421	64
422	495	422	68
423	494	423	89
424	508	424	91
425	510	425	89
426	544	426	82
427	486	427	80
428	519	428	69
429	485	429	89
430	495	430	78
431	532	431	81
432	524	432	55
433	508	433	69
434	472	434	72
435	533	435	84
436	524	436	77
437	534	437	63
438	495	438	71
439	513	439	72
440	522	440	80
441	487	441	78
442	499	442	81
443	468	443	61
444	502	444	81
445	516	445	80
446	505	446	83
447	525	447	74
448	474	448	79
449	477	449	77
450	488	450	63
451	500	451	65
452	507	452	74
453	522	453	72
454	466	454	86
455	494	455	80
456	462	456	73
457	519	457	67
458	505	458	76
459	517	459	63
460	477	460	55
461	522	461	79
462	480	462	73
463	525	463	67
464	499	464	63
465	481	465	73
466	486	466	72
467	540	467	69
468	467	468	82
469	493	469	73
470	487	470	65
471	557	471	82
472	563	472	66
473	530	473	78
474	441	474	55
475	504	475	68
476	518	476	75
477	486	477	59
478	498	478	70
479	479	479	61
480	505	480	72
481	515	481	62
482	483	482	61
483	521	483	72
484	518	484	55
485	452	485	65
486	470	486	59
487	505	487	65
488	534	488	69
489	533	489	71
490	550	490	65
491	515	491	68
492	495	492	67
493	479	493	82
494	515	494	75
495	489	495	58
496	500	496	64
497	477	497	75
498	508	498	61
499	504	499	65
500	527	500	89
501	511	501	76
502	486	502	50
503	491	503	68
504	545	504	60
505	520	505	59
506	492	506	71
507	474	507	79
508	519	508	78
509	484	509	65
510	500	510	62
511	479	511	59
512	517	512	67
513	508	513	64
514	506	514	67
515	490	515	67
516	493	516	67
517	513	517	62
518	479	518	47
519	472	519	67
520	459	520	55
521	486	521	69
522	511	522	62
523	493	523	73
524	541	524	63
525	493	525	59
526	517	526	59
527	489	527	61
528	524	528	65
529	493	529	53
530	492	530	51
531	481	531	48
532	469	532	65
533	517	533	56
534	533	534	66
535	486	535	63
536	471	536	52
537	519	537	66
538	500	538	66
539	488	539	70
540	515	540	64
541	488	541	61
542	529	542	64
543	496	543	50
544	503	544	53
545	508	545	55
546	497	546	52
547	514	547	65
548	493	548	55
549	489	549	56
550	508	550	47
551	527	551	55
552	488	552	63
553	486	553	60
554	487	554	63
555	472	555	55
556	535	556	55
557	481	557	69
558	509	558	49
559	525	559	73
560	490	560	49
561	492	561	62
562	514	562	55
563	512	563	68
564	520	564	67
565	535	565	45
566	513	566	65
567	504	567	47
568	533	568	55
569	534	569	62
570	494	570	58
571	504	571	58
572	480	572	63
573	519	573	61
574	459	574	59
575	466	575	54
576	481	576	61
577	512	577	50
578	499	578	65
579	510	579	51
580	499	580	42
581	514	581	64
582	520	582	65
583	497	583	42
584	453	584	55
585	490	585	64
586	473	586	55
587	504	587	51
588	492	588	53
589	508	589	58
590	482	590	63
591	519	591	48
592	509	592	67
593	491	593	56
594	510	594	70
595	483	595	60
596	490	596	50
597	493	597	48
598	537	598	41
599	489	599	50
600	514	600	44
601	523	601	49
602	514	602	63
603	485	603	54
604	525	604	51
605	515	605	52
606	522	606	40
607	502	607	51
608	522	608	49
609	478	609	46
610	468	610	48
611	508	611	64
612	491	612	50
613	497	613	54
614	464	614	39
615	525	615	50
616	448	616	61
617	500	617	59
618	500	618	51
619	524	619	61
620	495	620	56
621	500	621	44
622	512	622	50
623	492	623	48
624	500	624	48
625	531	625	42
626	507	626	55
627	504	627	50
628	542	628	45
629	513	629	51
630	509	630	43
631	509	631	49
632	497	632	56
633	477	633	45
634	483	634	40
635	499	635	59
636	505	636	47
637	490	637	40
638	474	638	47
639	514	639	50
640	505	640	41
641	486	641	49
642	508	642	48
643	522	643	51
644	468	644	50
645	490	645	39
646	520	646	49
647	482	647	50
648	493	648	54
649	500	649	65
650	516	650	48
651	487	651	50
652	501	652	43
653	478	653	45
654	538	654	47
655	501	655	55
656	499	656	52
657	520	657	58
658	497	658	49
659	496	659	46
660	502	660	44
661	490	661	57
662	541	662	45
663	518	663	59
664	515	664	39
665	480	665	50
666	460	666	42
667	458	667	59
668	512	668	48
669	495	669	48
670	484	670	38
671	461	671	38
672	517	672	56
673	468	673	53
674	495	674	47
675	508	675	48
676	506	676	46
677	492	677	32
678	517	678	45
679	520	679	44
680	528	680	42
681	507	681	43
682	531	682	53
683	516	683	43
684	521	684	43
685	516	685	51
686	485	686	51
687	501	687	53
688	482	688	45
689	494	689	35
690	485	690	50
691	509	691	49
692	522	692	37
693	508	693	54
694	516	694	44
695	489	695	54
696	533	696	44
697	512	697	34
698	514	698	47
699	489	699	33
700	507	700	42
701	495	701	38
702	506	702	39
703	511	703	39
704	510	704	40
705	494	705	45
706	465	706	46
707	533	707	44
708	516	708	42
709	464	709	44
710	482	710	52
711	524	711	41
712	504	712	32
713	500	713	42
714	507	714	59
715	492	715	45
716	473	716	52
717	515	717	42
718	484	718	42
719	502	719	35
720	521	720	43
721	511	721	34
722	505	722	39
723	503	723	44
724	521	724	35
725	501	725	47
726	526	726	36
727	513	727	52
728	529	728	52
729	498	729	44
730	462	730	29
731	511	731	45
732	475	732	47
733	497	733	50
734	473	734	54
735	512	735	37
736	478	736	50
737	486	737	39
738	524	738	47
739	510	739	34
740	523	740	35
741	509	741	40
742	493	742	38
743	530	743	40
744	482	744	56
745	448	745	36
746	502	746	40
747	482	747	51
748	505	748	42
749	472	749	37
750	540	750	35
751	512	751	45
752	497	752	39
753	460	753	53
754	480	754	41
755	505	755	34
756	517	756	40
757	498	757	42
758	503	758	37
759	476	759	49
760	481	760	41
761	491	761	29
762	545	762	43
763	524	763	33
764	526	764	33
765	518	765	33
766	501	766	44
767	473	767	40
768	506	768	44
769	519	769	45
770	555	770	23
771	508	771	33
772	501	772	39
773	499	773	40
774	522	774	39
775	484	775	29
776	501	776	36
777	530	777	32
778	521	778	34
779	489	779	28
780	511	780	45
781	524	781	29
782	526	782	44
783	512	783	40
784	511	784	42
785	492	785	32
786	495	786	28
787	480	787	36
788	503	788	36
789	531	789	46
790	497	790	30
791	475	791	31
792	500	792	34
793	492	793	41
794	490	794	34
795	471	795	28
796	466	796	37
797	491	797	27
798	500	798	35
799	516	799	38
800	535	800	40
801	525	801	32
802	490	802	26
803	488	803	45
804	499	804	44
805	464	805	40
806	522	806	39
807	488	807	39
808	502	808	44
809	511	809	35
810	497	810	37
811	497	811	31
812	536	812	38
813	515	813	43
814	521	814	27
815	504	815	33
816	514	816	28
817	513	817	30
818	551	818	30
819	524	819	26
820	507	820	32
821	491	821	31
822	550	822	36
823	450	823	33
824	462	824	36
825	449	825	36
826	506	826	28
827	512	827	25
828	534	828	33
829	511	829	38
830	492	830	25
831	491	831	39
832	468	832	29
833	545	833	34
834	477	834	41
835	497	835	37
836	485	836	51
837	509	837	39
838	518	838	29
839	468	839	25
840	511	840	33
841	480	841	39
842	507	842	38
843	510	843	30
844	522	844	27
845	491	845	37
846	499	846	20
847	530	847	38
848	503	848	28
849	523	849	41
850	502	850	35
851	478	851	34
852	518	852	34
853	499	853	34
854	489	854	33
855	519	855	28
856	502	856	28
857	483	857	41
858	481	858	29
859	544	859	42
860	517	860	33
861	495	861	30
862	481	862	34
863	487	863	28
864	470	864	27
865	505	865	20
866	492	866	34
867	497	867	29
868	505	868	22
869	472	869	19
870	523	870	22
871	484	871	21
872	550	872	31
873	489	873	37
874	502	874	34
875	542	875	27
876	514	876	29
877	545	877	32
878	458	878	35
879	479	879	37
880	504	880	30
881	441	881	35
882	515	882	30
883	487	883	28
884	511	884	33
885	469	885	27
886	510	886	23
887	484	887	31
888	457	888	33
889	493	889	36
890	504	890	32
891	510	891	25
892	508	892	32
893	506	893	24
894	503	894	29
895	519	895	29
896	529	896	31
897	518	897	28
898	521	898	28
899	492	899	31
900	492	900	33
901	492	901	25
902	484	902	30
903	496	903	17
904	507	904	29
905	504	905	35
906	484	906	33
907	486	907	26
908	528	908	29
909	492	909	23
910	489	910	26
911	470	911	32
912	520	912	31
913	517	913	37
914	477	914	20
915	531	915	30
916	286	916	26
917	547	917	11
918	508	918	29
919	538	919	36
920	523	920	35
921	562	921	20
922	515	922	21
923	484	923	23
924	552	924	29
925	514	925	32
926	541	926	27
927	480	927	21
928	497	928	27
929	506	929	35
930	514	930	29
931	521	931	25
932	519	932	31
933	495	933	26
934	529	934	26
935	528	935	35
936	560	936	26
937	512	937	23
938	491	938	30
939	498	939	33
940	480	940	21
941	492	941	19
942	475	942	21
943	493	943	26
944	517	944	23
945	479	945	26
946	517	946	27
947	508	947	25
948	555	948	24
949	480	949	31
950	461	950	26
951	507	951	27
952	480	952	25
953	515	953	34
954	512	954	32
955	497	955	23
956	512	956	16
957	506	957	25
958	517	958	28
959	462	959	29
960	472	960	26
961	535	961	43
962	527	962	20
963	503	963	28
964	532	964	22
965	466	965	29
966	528	966	30
967	489	967	25
968	505	968	29
969	496	969	28
970	485	970	29
971	464	971	22
972	472	972	32
973	533	973	19
974	512	974	25
975	529	975	30
976	492	976	21
977	499	977	16
978	485	978	34
979	478	979	26
980	508	980	24
981	471	981	25
982	495	982	17
983	473	983	22
984	487	984	22
985	470	985	28
986	502	986	25
987	541	987	22
988	533	988	26
989	491	989	30
990	515	990	17
991	544	991	25
992	493	992	19
993	522	993	30
994	479	994	27
995	500	995	22
996	514	996	26
997	538	997	26
998	491	998	23
999	497	999	30
1000	479	1000	24
1001	495	1001	20
1002	507	1002	27
1003	460	1003	27
1004	519	1004	19
1005	499	1005	16
1006	488	1006	20
1007	535	1007	24
1008	525	1008	24
1009	521	1009	29
1010	478	1010	24
1011	506	1011	31
1012	521	1012	18
1013	496	1013	21
1014	475	1014	21
1015	487	1015	25
1016	428	1016	28
1017	550	1017	23
1018	502	1018	31
1019	511	1019	25
1020	512	1020	21
1021	497	1021	15
1022	539	1022	19
1023	566	1023	31
1024	533	1024	27
1025	507	1025	17
1026	498	1026	20
1027	536	1027	31
1028	524	1028	21
1029	516	1029	22
1030	458	1030	18
1031	508	1031	24
1032	507	1032	18
1033	522	1033	15
1034	511	1034	24
1035	529	1035	27
1036	554	1036	28
1037	505	1037	29
1038	519	1038	24
1039	491	1039	16
1040	516	1040	22
1041	472	1041	22
1042	517	1042	21
1043	497	1043	24
1044	495	1044	21
1045	548	1045	24
1046	515	1046	26
1047	515	1047	17
1048	494	1048	19
1049	451	1049	20
1050	515	1050	22
1051	512	1051	20
1052	525	1052	29
1053	525	1053	20
1054	506	1054	27
1055	487	1055	23
1056	528	1056	26
1057	511	1057	24
1058	485	1058	23
1059	535	1059	25
1060	497	1060	23
1061	484	1061	22
1062	472	1062	22
1063	481	1063	20
1064	465	1064	12
1065	506	1065	34
1066	572	1066	23
1067	504	1067	26
1068	455	1068	29
1069	530	1069	25
1070	491	1070	11
1071	479	1071	17
1072	497	1072	23
1073	481	1073	27
1074	483	1074	26
1075	512	1075	16
1076	525	1076	20
1077	506	1077	30
1078	500	1078	23
1079	482	1079	27
1080	489	1080	26
1081	470	1081	21
1082	444	1082	22
1083	498	1083	26
1084	490	1084	18
1085	498	1085	14
1086	501	1086	16
1087	484	1087	22
1088	529	1088	20
1089	534	1089	22
1090	530	1090	18
1091	500	1091	21
1092	487	1092	19
1093	549	1093	22
1094	524	1094	19
1095	498	1095	24
1096	531	1096	21
1097	510	1097	20
1098	443	1098	21
1099	523	1099	18
1100	519	1100	17
1101	482	1101	22
1102	472	1102	21
1103	546	1103	12
1104	482	1104	19
1105	471	1105	16
1106	509	1106	29
1107	543	1107	16
1108	540	1108	19
1109	478	1109	22
1110	489	1110	17
1111	490	1111	13
1112	504	1112	14
1113	511	1113	24
1114	488	1114	18
1115	501	1115	23
1116	515	1116	22
1117	534	1117	21
1118	524	1118	21
1119	506	1119	21
1120	566	1120	16
1121	467	1121	13
1122	525	1122	25
1123	454	1123	17
1124	517	1124	17
1125	476	1125	15
1126	503	1126	11
1127	547	1127	24
1128	486	1128	16
1129	521	1129	21
1130	520	1130	29
1131	508	1131	19
1132	497	1132	18
1133	494	1133	27
1134	502	1134	14
1135	489	1135	18
1136	496	1136	12
1137	481	1137	15
1138	481	1138	18
1139	498	1139	21
1140	507	1140	16
1141	473	1141	20
1142	477	1142	23
1143	508	1143	12
1144	495	1144	19
1145	525	1145	18
1146	515	1146	18
1147	492	1147	19
1148	501	1148	19
1149	525	1149	11
1150	506	1150	22
1151	502	1151	9
1152	464	1152	15
1153	466	1153	21
1154	520	1154	14
1155	509	1155	15
1156	491	1156	23
1157	481	1157	19
1158	504	1158	19
1159	499	1159	18
1160	542	1160	12
1161	491	1161	10
1162	511	1162	22
1163	478	1163	20
1164	539	1164	16
1165	509	1165	22
1166	487	1166	13
1167	501	1167	18
1168	507	1168	21
1169	489	1169	16
1170	530	1170	20
1171	524	1171	23
1172	482	1172	16
1173	503	1173	16
1174	499	1174	18
1175	515	1175	20
1176	539	1176	25
1177	529	1177	10
1178	475	1178	14
1179	513	1179	24
1180	508	1180	19
1181	501	1181	21
1182	529	1182	17
1183	472	1183	20
1184	503	1184	19
1185	504	1185	11
1186	523	1186	11
1187	458	1187	18
1188	458	1188	21
1189	490	1189	12
1190	493	1190	18
1191	536	1191	13
1192	534	1192	20
1193	495	1193	12
1194	492	1194	15
1195	496	1195	13
1196	516	1196	18
1197	513	1197	17
1198	486	1198	21
1199	477	1199	12
1200	486	1200	13
1201	514	1201	13
1202	481	1202	22
1203	499	1203	14
1204	508	1204	14
1205	493	1205	19
1206	489	1206	19
1207	513	1207	13
1208	532	1208	21
1209	490	1209	15
1210	478	1210	21
1211	524	1211	14
1212	507	1212	17
1213	481	1213	22
1214	478	1214	21
1215	485	1215	19
1216	497	1216	13
1217	510	1217	15
1218	492	1218	16
1219	501	1219	17
1220	456	1220	15
1221	506	1221	16
1222	475	1222	17
1223	487	1223	15
1224	506	1224	21
1225	503	1225	14
1226	566	1226	21
1227	496	1227	12
1228	488	1228	9
1229	520	1229	17
1230	474	1230	13
1231	504	1231	13
1232	512	1232	16
1233	522	1233	19
1234	497	1234	22
1235	487	1235	15
1236	511	1236	22
1237	502	1237	12
1238	510	1238	19
1239	523	1239	7
1240	505	1240	17
1241	502	1241	13
1242	514	1242	12
1243	521	1243	18
1244	508	1244	18
1245	475	1245	15
1246	497	1246	14
1247	517	1247	20
1248	520	1248	13
1249	533	1249	8
1250	512	1250	19
1251	509	1251	16
1252	526	1252	13
1253	510	1253	13
1254	474	1254	24
1255	475	1255	19
1256	483	1256	5
1257	520	1257	12
1258	518	1258	13
1259	511	1259	22
1260	506	1260	18
1261	515	1261	26
1262	468	1262	15
1263	534	1263	19
1264	520	1264	20
1265	524	1265	17
1266	495	1266	14
1267	480	1267	18
1268	495	1268	15
1269	528	1269	13
1270	546	1270	15
1271	472	1271	9
1272	505	1272	21
1273	516	1273	11
1274	476	1274	9
1275	492	1275	15
1276	496	1276	13
1277	514	1277	19
1278	476	1278	16
1279	529	1279	10
1280	509	1280	20
1281	496	1281	6
1282	520	1282	17
1283	499	1283	12
1284	488	1284	12
1285	483	1285	14
1286	490	1286	16
1287	553	1287	16
1288	500	1288	17
1289	532	1289	16
1290	499	1290	14
1291	508	1291	11
1292	506	1292	13
1293	495	1293	13
1294	535	1294	10
1295	483	1295	20
1296	494	1296	15
1297	485	1297	20
1298	492	1298	9
1299	529	1299	16
1300	507	1300	8
1301	487	1301	10
1302	466	1302	20
1303	520	1303	19
1304	529	1304	17
1305	504	1305	15
1306	524	1306	13
1307	542	1307	16
1308	503	1308	11
1309	507	1309	12
1310	519	1310	14
1311	450	1311	16
1312	511	1312	8
1313	514	1313	15
1314	478	1314	14
1315	522	1315	8
1316	511	1316	15
1317	501	1317	17
1318	547	1318	21
1319	488	1319	13
1320	565	1320	14
1321	497	1321	13
1322	523	1322	14
1323	505	1323	16
1324	561	1324	9
1325	509	1325	11
1326	471	1326	13
1327	513	1327	14
1328	535	1328	13
1329	531	1329	14
1330	484	1330	13
1331	512	1331	19
1332	489	1332	15
1333	535	1333	13
1334	529	1334	13
1335	519	1335	13
1336	505	1336	15
1337	519	1337	11
1338	492	1338	14
1339	535	1339	18
1340	492	1340	13
1341	458	1341	15
1342	476	1342	9
1343	494	1343	20
1344	493	1344	13
1345	524	1345	15
1346	513	1346	12
1347	497	1347	11
1348	500	1348	9
1349	504	1349	20
1350	488	1350	13
1351	541	1351	10
1352	505	1352	17
1353	517	1353	10
1354	512	1354	16
1355	493	1355	13
1356	481	1356	16
1357	501	1357	12
1358	464	1358	9
1359	457	1359	13
1360	502	1360	20
1361	489	1361	23
1362	466	1362	12
1363	484	1363	9
1364	507	1364	12
1365	524	1365	16
1366	523	1366	16
1367	480	1367	16
1368	496	1368	12
1369	510	1369	9
1370	524	1370	15
1371	508	1371	10
1372	509	1372	11
1373	544	1373	22
1374	499	1374	21
1375	476	1375	9
1376	456	1376	16
1377	537	1377	6
1378	492	1378	12
1379	527	1379	7
1380	524	1380	14
1381	525	1381	10
1382	516	1382	14
1383	471	1383	6
1384	490	1384	10
1385	482	1385	12
1386	503	1386	6
1387	527	1387	14
1388	499	1388	12
1389	516	1389	13
1390	505	1390	5
1391	493	1391	9
1392	492	1392	11
1393	516	1393	15
1394	474	1394	15
1395	513	1395	10
1396	480	1396	8
1397	506	1397	14
1398	519	1398	15
1399	513	1399	11
1400	537	1400	16
1401	488	1401	8
1402	464	1402	14
1403	462	1403	8
1404	517	1404	12
1405	505	1405	14
1406	480	1406	10
1407	470	1407	17
1408	525	1408	8
1409	526	1409	8
1410	511	1410	15
1411	491	1411	9
1412	518	1412	13
1413	501	1413	19
1414	486	1414	13
1415	497	1415	10
1416	552	1416	10
1417	489	1417	7
1418	499	1418	5
1419	495	1419	11
1420	538	1420	14
1421	550	1421	11
1422	475	1422	11
1423	547	1423	13
1424	544	1424	15
1425	487	1425	10
1426	484	1426	10
1427	497	1427	9
1428	513	1428	12
1429	494	1429	15
1430	501	1430	7
1431	521	1431	8
1432	506	1432	12
1433	523	1433	13
1434	522	1434	13
1435	472	1435	17
1436	547	1436	9
1437	514	1437	14
1438	519	1438	11
1439	493	1439	12
1440	519	1440	13
1441	494	1441	14
1442	512	1442	11
1443	529	1443	11
1444	525	1444	5
1445	475	1445	14
1446	560	1446	10
1447	472	1447	9
1448	486	1448	15
1449	515	1449	15
1450	509	1450	7
1451	513	1451	11
1452	502	1452	9
1453	493	1453	17
1454	513	1454	9
1455	469	1455	14
1456	511	1456	8
1457	533	1457	12
1458	486	1458	13
1459	535	1459	12
1460	480	1460	11
1461	533	1461	13
1462	517	1462	15
1463	503	1463	20
1464	495	1464	8
1465	513	1465	8
1466	523	1466	15
1467	496	1467	11
1468	506	1468	7
1469	499	1469	15
1470	500	1470	11
1471	484	1471	11
1472	497	1472	12
1473	528	1473	13
1474	483	1474	8
1475	489	1475	11
1476	515	1476	15
1477	500	1477	8
1478	484	1478	7
1479	486	1479	6
1480	492	1480	14
1481	487	1481	4
1482	488	1482	7
1483	496	1483	17
1484	521	1484	14
1485	520	1485	11
1486	502	1486	11
1487	553	1487	11
1488	505	1488	12
1489	520	1489	12
1490	500	1490	13
1491	476	1491	11
1492	534	1492	8
1493	532	1493	9
1494	492	1494	13
1495	506	1495	10
1496	538	1496	15
1497	495	1497	9
1498	488	1498	11
1499	486	1499	7
1500	502	1500	13
1501	499	1501	11
1502	484	1502	14
1503	454	1503	12
1504	523	1504	12
1505	500	1505	12
1506	525	1506	13
1507	519	1507	7
1508	490	1508	11
1509	479	1509	11
1510	515	1510	7
1511	528	1511	12
1512	486	1512	11
1513	492	1513	5
1514	510	1514	11
1515	520	1515	7
1516	484	1516	5
1517	496	1517	13
1518	512	1518	7
1519	541	1519	7
1520	514	1520	7
1521	484	1521	10
1522	494	1522	12
1523	471	1523	7
1524	506	1524	9
1525	492	1525	5
1526	487	1526	14
1527	476	1527	10
1528	505	1528	13
1529	516	1529	7
1530	505	1530	15
1531	479	1531	8
1532	500	1532	7
1533	504	1533	11
1534	497	1534	9
1535	490	1535	13
1536	522	1536	4
1537	489	1537	14
1538	495	1538	9
1539	477	1539	7
1540	487	1540	7
1541	500	1541	4
1542	501	1542	12
1543	521	1543	10
1544	500	1544	5
1545	481	1545	6
1546	484	1546	17
1547	505	1547	9
1548	466	1548	10
1549	543	1549	10
1550	507	1550	16
1551	490	1551	4
1552	515	1552	6
1553	519	1553	14
1554	523	1554	8
1555	525	1555	13
1556	490	1556	12
1557	483	1557	7
1558	482	1558	6
1559	559	1559	7
1560	499	1560	14
1561	504	1561	11
1562	526	1562	11
1563	487	1563	13
1564	469	1564	14
1565	487	1565	9
1566	469	1566	11
1567	481	1567	9
1568	499	1568	9
1569	483	1569	14
1570	481	1570	11
1571	499	1571	9
1572	504	1572	8
1573	493	1573	7
1574	466	1574	5
1575	491	1575	15
1576	485	1576	5
1577	478	1577	10
1578	479	1578	12
1579	495	1579	7
1580	537	1580	9
1581	503	1581	11
1582	512	1582	15
1583	481	1583	16
1584	525	1584	7
1585	516	1585	10
1586	493	1586	8
1587	486	1587	9
1588	505	1588	12
1589	508	1589	11
1590	505	1590	13
1591	472	1591	9
1592	555	1592	9
1593	502	1593	10
1594	513	1594	17
1595	478	1595	8
1596	540	1596	9
1597	538	1597	13
1598	536	1598	4
1599	484	1599	15
1600	477	1600	9
1601	499	1601	18
1602	519	1602	7
1603	465	1603	11
1604	510	1604	7
1605	521	1605	6
1606	486	1606	10
1607	535	1607	9
1608	505	1608	6
1609	469	1609	7
1610	502	1610	8
1611	542	1611	15
1612	490	1612	7
1613	492	1613	10
1614	489	1614	8
1615	549	1615	16
1616	503	1616	9
1617	558	1617	16
1618	541	1618	10
1619	502	1619	7
1620	528	1620	7
1621	479	1621	7
1622	489	1622	11
1623	479	1623	14
1624	459	1624	8
1625	510	1625	9
1626	497	1626	12
1627	477	1627	5
1628	476	1628	8
1629	498	1629	9
1630	498	1630	11
1631	483	1631	5
1632	533	1632	6
1633	518	1633	10
1634	474	1634	6
1635	471	1635	11
1636	527	1636	9
1637	516	1637	6
1638	495	1638	7
1639	491	1639	7
1640	515	1640	5
1641	508	1641	7
1642	497	1642	8
1643	540	1643	10
1644	504	1644	4
1645	518	1645	9
1646	478	1646	10
1647	517	1647	10
1648	473	1648	10
1649	512	1649	9
1650	507	1650	3
1651	511	1651	12
1652	487	1652	7
1653	518	1653	8
1654	510	1654	8
1655	552	1655	6
1656	489	1656	5
1657	520	1657	5
1658	508	1658	12
1659	501	1659	6
1660	499	1660	8
1661	537	1661	6
1662	503	1662	9
1663	538	1663	5
1664	476	1664	7
1665	544	1665	4
1666	512	1666	8
1667	497	1667	4
1668	545	1668	10
1669	485	1669	7
1670	492	1670	3
1671	485	1671	12
1672	543	1672	9
1673	518	1673	12
1674	508	1674	6
1675	507	1675	4
1676	505	1676	9
1677	475	1677	11
1678	518	1678	4
1679	503	1679	11
1680	482	1680	14
1681	482	1681	2
1682	501	1682	7
1683	489	1683	12
1684	519	1684	8
1685	533	1685	5
1686	488	1686	5
1687	523	1687	7
1688	520	1688	7
1689	519	1689	9
1690	467	1690	5
1691	506	1691	6
1692	493	1692	4
1693	507	1693	9
1694	517	1694	7
1695	484	1695	9
1696	509	1696	6
1697	520	1697	13
1698	514	1698	6
1699	505	1699	11
1700	523	1700	8
1701	496	1701	13
1702	502	1702	5
1703	486	1703	15
1704	504	1704	7
1705	491	1705	5
1706	511	1706	5
1707	528	1707	8
1708	512	1708	7
1709	534	1709	3
1710	494	1710	5
1711	510	1711	5
1712	507	1712	4
1713	498	1713	10
1714	527	1714	5
1715	478	1715	12
1716	524	1716	6
1717	516	1717	9
1718	527	1718	4
1719	527	1719	6
1720	497	1720	9
1721	457	1721	5
1722	450	1722	11
1723	515	1723	7
1724	485	1724	7
1725	513	1725	5
1726	471	1726	4
1727	476	1727	4
1728	468	1728	7
1729	507	1729	6
1730	530	1730	6
1731	506	1731	9
1732	510	1732	6
1733	466	1733	12
1734	506	1734	5
1735	492	1735	6
1736	480	1736	5
1737	500	1737	6
1738	478	1738	6
1739	518	1739	10
1740	512	1740	7
1741	530	1741	6
1742	518	1742	6
1743	533	1743	10
1744	547	1744	6
1745	509	1745	7
1746	492	1746	7
1747	519	1747	6
1748	544	1748	9
1749	476	1749	5
1750	510	1750	7
1751	511	1751	6
1752	498	1752	7
1753	487	1753	10
1754	522	1754	6
1755	544	1755	8
1756	466	1756	4
1757	484	1757	10
1758	479	1758	6
1759	511	1759	2
1760	501	1760	7
1761	474	1761	12
1762	508	1762	9
1763	469	1763	15
1764	508	1764	8
1765	514	1765	8
1766	525	1766	4
1767	493	1767	5
1768	471	1768	8
1769	503	1769	7
1770	461	1770	7
1771	494	1771	5
1772	487	1772	7
1773	536	1773	9
1774	457	1774	12
1775	475	1775	4
1776	502	1776	5
1777	538	1777	9
1778	507	1778	7
1779	485	1779	13
1780	514	1780	6
1781	519	1781	6
1782	525	1782	7
1783	500	1783	7
1784	506	1784	6
1785	531	1785	9
1786	524	1786	3
1787	511	1787	4
1788	525	1788	5
1789	513	1789	8
1790	494	1790	6
1791	502	1791	9
1792	497	1792	10
1793	492	1793	7
1794	531	1794	10
1795	474	1795	6
1796	514	1796	6
1797	503	1797	5
1798	491	1798	1
1799	473	1799	6
1800	512	1800	13
1801	456	1801	8
1802	527	1802	8
1803	473	1803	9
1804	563	1804	10
1805	516	1805	4
1806	522	1806	9
1807	503	1807	4
1808	496	1808	8
1809	467	1809	7
1810	507	1810	4
1811	489	1811	5
1812	499	1812	4
1813	513	1813	12
1814	479	1814	10
1815	495	1815	7
1816	519	1816	5
1817	456	1817	3
1818	520	1818	9
1819	492	1819	9
1820	481	1820	14
1821	526	1821	10
1822	499	1822	9
1823	513	1823	5
1824	496	1824	7
1825	482	1825	10
1826	481	1826	6
1827	497	1827	11
1828	551	1828	5
1829	487	1829	9
1830	528	1830	9
1831	519	1831	6
1832	516	1832	6
1833	494	1833	9
1834	514	1834	5
1835	477	1835	3
1836	456	1836	7
1837	482	1837	8
1838	542	1838	6
1839	528	1839	4
1840	518	1840	7
1841	525	1841	4
1842	463	1842	3
1843	478	1843	8
1844	517	1844	11
1845	502	1845	6
1846	485	1846	10
1847	474	1847	4
1848	515	1848	6
1849	498	1849	10
1850	514	1850	8
1851	479	1851	5
1852	492	1852	7
1853	499	1853	6
1854	486	1854	8
1855	435	1855	3
1856	527	1856	6
1857	517	1857	6
1858	533	1858	4
1859	479	1859	6
1860	484	1860	5
1861	516	1861	6
1862	501	1862	10
1863	484	1863	9
1864	481	1864	8
1865	513	1865	9
1866	554	1866	10
1867	499	1867	2
1868	470	1868	10
1869	477	1869	9
1870	489	1870	6
1871	492	1871	7
1872	506	1872	5
1873	526	1873	4
1874	522	1874	7
1875	473	1875	7
1876	513	1876	6
1877	485	1877	13
1878	492	1878	5
1879	496	1879	11
1880	514	1880	5
1881	514	1881	8
1882	492	1882	6
1883	473	1883	9
1884	521	1884	7
1885	564	1885	8
1886	482	1886	5
1887	483	1887	8
1888	472	1888	7
1889	475	1889	5
1890	508	1890	8
1891	459	1891	6
1892	507	1892	6
1893	509	1893	3
1894	494	1894	6
1895	498	1895	14
1896	524	1896	9
1897	518	1897	7
1898	507	1898	6
1899	514	1899	6
1900	502	1900	10
1901	548	1901	10
1902	519	1902	5
1903	488	1903	7
1904	517	1904	3
1905	544	1905	6
1906	537	1906	9
1907	477	1907	2
1908	497	1908	9
1909	503	1909	6
1910	529	1910	3
1911	511	1911	6
1912	506	1912	5
1913	496	1913	4
1914	496	1914	7
1915	497	1915	5
1916	524	1916	0
1917	531	1917	5
1918	500	1918	6
1919	519	1919	9
1920	506	1920	9
1921	532	1921	7
1922	499	1922	2
1923	508	1923	4
1924	572	1924	5
1925	494	1925	9
1926	502	1926	7
1927	512	1927	6
1928	510	1928	17
1929	520	1929	10
1930	530	1930	4
1931	499	1931	4
1932	507	1932	2
1933	529	1933	7
1934	526	1934	2
1935	504	1935	8
1936	525	1936	6
1937	504	1937	5
1938	550	1938	7
1939	486	1939	8
1940	489	1940	7
1941	490	1941	6
1942	494	1942	2
1943	507	1943	5
1944	504	1944	11
1945	517	1945	8
1946	517	1946	3
1947	517	1947	4
1948	521	1948	4
1949	507	1949	4
1950	505	1950	5
1951	479	1951	5
1952	517	1952	7
1953	503	1953	4
1954	472	1954	5
1955	485	1955	5
1956	524	1956	5
1957	503	1957	6
1958	520	1958	8
1959	535	1959	4
1960	471	1960	6
1961	517	1961	5
1962	493	1962	4
1963	496	1963	3
1964	529	1964	3
1965	540	1965	3
1966	509	1966	8
1967	462	1967	3
1968	500	1968	5
1969	484	1969	4
1970	469	1970	10
1971	515	1971	2
1972	461	1972	3
1973	495	1973	4
1974	455	1974	8
1975	546	1975	7
1976	519	1976	5
1977	515	1977	7
1978	497	1978	10
1979	477	1979	8
1980	531	1980	9
1981	463	1981	7
1982	525	1982	7
1983	505	1983	5
1984	542	1984	5
1985	487	1985	6
1986	513	1986	4
1987	462	1987	8
1988	506	1988	9
1989	549	1989	3
1990	564	1990	4
1991	489	1991	7
1992	474	1992	8
1993	495	1993	5
1994	479	1994	11
1995	506	1995	6
1996	552	1996	12
1997	496	1997	9
1998	481	1998	9
1999	500	1999	8
2000	524	2000	7
2001	476	2001	7
2002	530	2002	8
2003	497	2003	8
2004	535	2004	9
2005	496	2005	9
2006	536	2006	7
2007	529	2007	7
2008	565	2008	8
2009	495	2009	6
2010	509	2010	7
2011	524	2011	3
2012	500	2012	7
2013	527	2013	7
2014	506	2014	4
2015	527	2015	5
2016	495	2016	3
2017	489	2017	6
2018	496	2018	10
2019	491	2019	5
2020	502	2020	8
2021	489	2021	2
2022	517	2022	5
2023	504	2023	5
2024	472	2024	3
2025	481	2025	3
2026	526	2026	7
2027	522	2027	3
2028	490	2028	5
2029	501	2029	8
2030	497	2030	1
2031	480	2031	6
2032	499	2032	4
2033	492	2033	5
2034	467	2034	9
2035	503	2035	12
2036	513	2036	8
2037	526	2037	4
2038	497	2038	4
2039	510	2039	5
2040	514	2040	11
2041	490	2041	3
2042	473	2042	5
2043	467	2043	4
2044	505	2044	7
2045	528	2045	7
2046	522	2046	5
2047	517	2047	4